{"rotationT1g": [[0.0, 0.0, 0.0, 0.0, 0.0, 0.0, 0.0, 0.0, -0.5, 0.0, 0.5, 0.0, 0.0, -0.5, 0.0, 0.0, 0.0, 0.5, 0.0, 0.0, 0.0], [0.0, 0.0, 0.0, 0.0, 0.0, 0.5, 0.0, 0.0, 0.0, -0.5, 0.0, 0.0, 0.5, 0.0, 0.0, 0.0, 0.0, 0.0, 0.0, 0.0, -0.5], [0.0, 0.0, 0.0, 0.0, -0.5, 0.0, 0.5, 0.0, 0.0, 0.0, 0.0, 0.0, 0.0, 0.0, 0.0, -0.5, 0.0, 0.0, 0.0, 0.5, 0.0]], "translationT1u": [[0.0, 0.0, 0.0, 0.40824829046386296, 0.0, 0.0, 0.4082482904638631, 0.0, 0.0, 0.4082482904638631, 0.0, 0.0, 0.4082482904638631, 0.0, 0.0, 0.4082482904638631, 0.0, 0.0, 0.40824829046386296, 0.0, 0.0], [0.0, 0.0, 0.0, 0.0, 0.4082482904638631, 0.0, 0.0, 0.40824829046386296, 0.0, 0.0, 0.4082482904638631, 0.0, 0.0, 0.4082482904638631, 0.0, 0.0, 0.40824829046386296, 0.0, 0.0, 0.4082482904638631, 0.0], [0.0, 0.0, 0.0, 0.0, 0.0, 0.4082482904638631, 0.0, 0.0, 0.4082482904638631, 0.0, 0.0, 0.40824829046386296, 0.0, 0.0, 0.40824829046386296, 0.0, 0.0, 0.4082482904638631, 0.0, 0.0, 0.4082482904638631]], "A1g": [[0.0, 0.0, 0.0, 0.4082482904638631, 0.0, 0.0, 0.0, 0.4082482904638631, 0.0, 0.0, 0.0, 0.4082482904638631, 0.0, 0.0, -0.4082482904638631, 0.0, -0.4082482904638631, 0.0, -0.4082482904638631, 0.0, 0.0]], "Eg": [[0.0, 0.0, 0.0, 0.5773502691896258, 0.0, 0.0, 0.0, -0.2886751345948129, 0.0, 0.0, 0.0, -0.2886751345948129, 0.0, 0.0, 0.2886751345948129, 0.0, 0.2886751345948129, 0.0, -0.5773502691896258, 0.0, 0.0], [0.0, 0.0, 0.0, 7.401486830834377e-17, 0.0, 0.0, 0.0, 0.5, 0.0, 0.0, 0.0, -0.5, 0.0, 0.0, 0.5, 0.0, -0.5, 0.0, -7.401486830834377e-17, 0.0, 0.0]], "T2g": [[0.0, 0.0, 0.0, 0.0, 0.5, 0.0, 0.5, 0.0, 0.0, 0.0, 0.0, 0.0, 0.0, 0.0, 0.0, -0.5, 0.0, 0.0, 0.0, -0.5, 0.0], [0.0, 0.0, 0.0, 0.0, 0.0, 0.5, 0.0, 0.0, 0.0, 0.5, 0.0, 0.0, -0.5, 0.0, 0.0, 0.0, 0.0, 0.0, 0.0, 0.0, -0.5], [0.0, 0.0, 0.0, 0.0, 0.0, 0.0, 0.0, 0.0, 0.5, 0.0, 0.5, 0.0, 0.0, -0.5, 0.0, 0.0, 0.0, -0.5, 0.0, 0.0, 0.0]], "T1u": [[0.0, 0.0, 0.0, -0.577350269189626, 0.0, 0.0, 0.2886751345948128, 0.0, 0.0, 0.2886751345948128, 0.0, 0.0, 0.2886751345948128, 0.0, 0.0, 0.2886751345948128, 0.0, 0.0, -0.577350269189626, 0.0, 0.0], [0.0, 0.0, 0.0, 0.0, -0.2886751345948129, 0.0, 0.0, 0.5773502691896258, 0.0, 0.0, -0.2886751345948129, 0.0, 0.0, -0.2886751345948129, 0.0, 0.0, 0.5773502691896258, 0.0, 0.0, -0.2886751345948129, 0.0], [0.0, 0.0, 0.0, 0.0, 0.0, -0.2886751345948129, 0.0, 0.0, -0.2886751345948129, 0.0, 0.0, 0.5773502691896258, 0.0, 0.0, 0.5773502691896258, 0.0, 0.0, -0.2886751345948129, 0.0, 0.0, -0.2886751345948129]], "T2u": [[0.0, 0.0, 0.0, 0.0, 0.5, 0.0, 0.0, 0.0, 0.0, 0.0, -0.5, 0.0, 0.0, -0.5, 0.0, 0.0, 0.0, 0.0, 0.0, 0.5, 0.0], [0.0, 0.0, 0.0, 0.0, 0.0, 0.5, 0.0, 0.0, -0.5, 0.0, 0.0, 0.0, 0.0, 0.0, 0.0, 0.0, 0.0, -0.5, 0.0, 0.0, 0.5], [0.0, 0.0, 0.0, 0.0, 0.0, 0.0, 0.5, 0.0, 0.0, -0.5, 0.0, 0.0, -0.5, 0.0, 0.0, 0.5, 0.0, 0.0, 0.0, 0.0, 0.0]], "B100": [[0.9258200997725514, 0.0, 0.0, -0.1543033499620919, 0.0, 0.0, -0.1543033499620919, 0.0, 0.0, -0.1543033499620919, 0.0, 0.0, -0.1543033499620919, 0.0, 0.0, -0.1543033499620919, 0.0, 0.0, -0.1543033499620919, 0.0, 0.0], [0.0, 0.9258200997725514, 0.0, 0.0, -0.1543033499620919, 0.0, 0.0, -0.1543033499620919, 0.0, 0.0, -0.1543033499620919, 0.0, 0.0, -0.1543033499620919, 0.0, 0.0, -0.1543033499620919, 0.0, 0.0, -0.1543033499620919, 0.0], [0.0, 0.0, 0.9258200997725514, 0.0, 0.0, -0.1543033499620919, 0.0, 0.0, -0.1543033499620919, 0.0, 0.0, -0.1543033499620919, 0.0, 0.0, -0.1543033499620919, 0.0, 0.0, -0.1543033499620919, 0.0, 0.0, -0.1543033499620919]], "B110": [[0.6546536707079772, 0.6546536707079772, 0.0, -0.1091089451179962, -0.1091089451179962, 0.0, -0.1091089451179962, -0.1091089451179962, 0.0, -0.1091089451179962, -0.1091089451179962, 0.0, -0.1091089451179962, -0.1091089451179962, 0.0, -0.1091089451179962, -0.1091089451179962, 0.0, -0.1091089451179962, -0.1091089451179962, 0.0], [0.6546536707079772, 0.0, 0.6546536707079772, -0.1091089451179962, 0.0, -0.1091089451179962, -0.1091089451179962, 0.0, -0.1091089451179962, -0.1091089451179962, 0.0, -0.1091089451179962, -0.1091089451179962, 0.0, -0.1091089451179962, -0.1091089451179962, 0.0, -0.1091089451179962, -0.1091089451179962, 0.0, -0.1091089451179962], [0.0, 0.6546536707079772, 0.6546536707079772, 0.0, -0.1091089451179962, -0.1091089451179962, 0.0, -0.1091089451179962, -0.1091089451179962, 0.0, -0.1091089451179962, -0.1091089451179962, 0.0, -0.1091089451179962, -0.1091089451179962, 0.0, -0.1091089451179962, -0.1091089451179962, 0.0, -0.1091089451179962, -0.1091089451179962]], "B111": [[0.5345224838248488, 0.5345224838248488, 0.5345224838248488, -0.0890870806374748, -0.0890870806374748, -0.0890870806374748, -0.0890870806374748, -0.0890870806374748, -0.0890870806374748, -0.0890870806374748, -0.0890870806374748, -0.0890870806374748, -0.0890870806374748, -0.0890870806374748, -0.0890870806374748, -0.0890870806374748, -0.0890870806374748, -0.0890870806374748, -0.0890870806374748, -0.0890870806374748, -0.0890870806374748], [-0.5345224838248488, 0.5345224838248488, 0.5345224838248488, 0.0890870806374748, -0.0890870806374748, -0.0890870806374748, 0.0890870806374748, -0.0890870806374748, -0.0890870806374748, 0.0890870806374748, -0.0890870806374748, -0.0890870806374748, 0.0890870806374748, -0.0890870806374748, -0.0890870806374748, 0.0890870806374748, -0.0890870806374748, -0.0890870806374748, 0.0890870806374748, -0.0890870806374748, -0.0890870806374748], [0.5345224838248488, -0.5345224838248488, 0.5345224838248488, -0.0890870806374748, 0.0890870806374748, -0.0890870806374748, -0.0890870806374748, 0.0890870806374748, -0.0890870806374748, -0.0890870806374748, 0.0890870806374748, -0.0890870806374748, -0.0890870806374748, 0.0890870806374748, -0.0890870806374748, -0.0890870806374748, 0.0890870806374748, -0.0890870806374748, -0.0890870806374748, 0.0890870806374748, -0.0890870806374748], [-0.5345224838248488, -0.5345224838248488, 0.5345224838248488, 0.0890870806374748, 0.0890870806374748, -0.0890870806374748, 0.0890870806374748, 0.0890870806374748, -0.0890870806374748, 0.0890870806374748, 0.0890870806374748, -0.0890870806374748, 0.0890870806374748, 0.0890870806374748, -0.0890870806374748, 0.0890870806374748, 0.0890870806374748, -0.0890870806374748, 0.0890870806374748, 0.0890870806374748, -0.0890870806374748]]}